[
    {
        "model_path": "/root/paddlejob/workspace//trained_models/reasonrank-7B",
        "lora_path": null,
        "datetime": "2025-08-09 23:56:13.986527",
        "retrieval_method": "reasonir",
        "retrieval_num": 100,
        "rerank_topk": 100,
        "current_pass": 1,
        "window_size": 20,
        "step_size": 10,
        "shuffle_candidates": false,
        "time_cost": 275.7120952606201,
        "total_input_tokens": 5271484,
        "total_output_tokens": 695504,
        "notes": "",
        "NDCG@1": "32.04",
        "NDCG@5": "32.19",
        "NDCG@10": "33.70"
    },
    {
        "model_path": "/root/paddlejob/workspace//trained_models/reasonrank-7B",
        "lora_path": null,
        "datetime": "2025-08-10 11:15:30.482673",
        "retrieval_method": "reasonir",
        "retrieval_num": 100,
        "rerank_topk": 100,
        "current_pass": 1,
        "window_size": 20,
        "step_size": 10,
        "shuffle_candidates": false,
        "time_cost": 274.6197419166565,
        "total_input_tokens": 5271484,
        "total_output_tokens": 695504,
        "notes": "",
        "NDCG@1": "32.04",
        "NDCG@5": "32.19",
        "NDCG@10": "33.70"
    },
    {
        "model_path": "/root/paddlejob/workspace//trained_models/reasonrank-7B",
        "lora_path": null,
        "datetime": "2025-08-10 11:37:50.033078",
        "retrieval_method": 